{"cameraMode":{"drawMode":0,"name":"Shaded","section":"Shading Mode"},"sceneLighting":true,"audioPlay":false,"sceneViewState":{"showFog":true,"showMaterialUpdate":false,"showSkybox":true,"showFlares":true,"showImageEffects":true,"showParticleSystems":true},"in2DMode":false,"pivot":{"x":16.059999465942384,"y":8.760000228881836,"z":-14.930000305175782},"rotation":{"x":0.038558229804039,"y":-0.9613044857978821,"z":0.20128004252910615,"w":0.18417620658874513},"size":10.0,"orthographic":false}