{"cameraMode":{"drawMode":0,"name":"Shaded","section":"Shading Mode"},"sceneLighting":false,"audioPlay":false,"sceneViewState":{"showFog":true,"showMaterialUpdate":false,"showSkybox":false,"showFlares":true,"showImageEffects":true,"showParticleSystems":true},"in2DMode":false,"pivot":{"x":2.009999990463257,"y":1.3047170639038087,"z":9.130000114440918},"rotation":{"x":0.02317562699317932,"y":-0.9311830401420593,"z":0.060144711285829547,"w":0.3588133454322815},"size":1.1022675037384034,"orthographic":false}