{"cameraMode":{"drawMode":0,"name":"Shaded","section":"Shading Mode"},"sceneLighting":false,"audioPlay":false,"sceneViewState":{"showFog":true,"showMaterialUpdate":false,"showSkybox":false,"showFlares":true,"showImageEffects":true,"showParticleSystems":true},"in2DMode":false,"pivot":{"x":1.690000057220459,"y":1.0,"z":37.650001525878909},"rotation":{"x":0.25275495648384097,"y":-0.5591458678245544,"z":0.18405498564243318,"w":0.7678529620170593},"size":1.1191730499267579,"orthographic":false}