{"cameraMode":{"drawMode":0,"name":"Shaded","section":"Shading Mode"},"sceneLighting":true,"audioPlay":false,"sceneViewState":{"showFog":true,"showMaterialUpdate":false,"showSkybox":true,"showFlares":true,"showImageEffects":true,"showParticleSystems":true},"in2DMode":false,"pivot":{"x":-13.378826141357422,"y":366.66845703125,"z":-106.5802001953125},"rotation":{"x":0.11569488793611527,"y":-0.13219545781612397,"z":0.015537972562015057,"w":0.984326958656311},"size":492.73516845703127,"orthographic":false}