{"cameraMode":{"drawMode":0,"name":"Shaded","section":"Shading Mode"},"sceneLighting":false,"audioPlay":false,"sceneViewState":{"showFog":true,"showMaterialUpdate":false,"showSkybox":false,"showFlares":true,"showImageEffects":true,"showParticleSystems":true},"in2DMode":false,"pivot":{"x":25.314422607421876,"y":4.454527854919434,"z":27.704591751098634},"rotation":{"x":0.10919170826673508,"y":0.04024652764201164,"z":-0.004424690268933773,"w":0.9931957721710205},"size":69.24860382080078,"orthographic":false}